{
  "firstLayout": "",
  "gdVersion": {
    "build": 99,
    "major": 4,
    "minor": 0,
    "revision": 0
  },
  "properties": {
    "adaptGameResolutionAtRuntime": true,
    "folderProject": false,
    "orientation": "landscape",
    "packageName": "com.example.gamename",
    "pixelsRounding": false,
    "projectUuid": "b61e658e-7e60-41b7-84ad-ff6802f3cbb1",
    "scaleMode": "linear",
    "sizeOnStartupMode": "adaptWidth",
    "useExternalSourceFiles": false,
    "version": "1.0.0",
    "name": "Project",
    "author": "",
    "windowWidth": 1280,
    "windowHeight": 800,
    "latestCompilationDirectory": "",
    "maxFPS": 60,
    "minFPS": 20,
    "verticalSync": false,
    "platformSpecificAssets": {},
    "loadingScreen": {
      "backgroundColor": 0,
      "backgroundFadeInDuration": 0.2,
      "backgroundImageResourceName": "",
      "gdevelopLogoStyle": "light",
      "logoAndProgressFadeInDuration": 0.2,
      "logoAndProgressLogoFadeInDelay": 0.2,
      "minDuration": 1.5,
      "progressBarColor": 16777215,
      "progressBarHeight": 20,
      "progressBarMaxWidth": 200,
      "progressBarMinWidth": 40,
      "progressBarWidthPercent": 30,
      "showGDevelopSplash": true,
      "showProgressBar": true
    },
    "extensionProperties": [],
    "platforms": [
      {
        "name": "GDevelop JS platform"
      }
    ],
    "currentPlatform": "GDevelop JS platform"
  },
  "resources": {
    "resources": [
      {
        "alwaysLoaded": false,
        "file": "Idle-1.png",
        "kind": "image",
        "metadata": "",
        "name": "Idle-1.png",
        "smoothed": true,
        "userAdded": false
      },
      {
        "alwaysLoaded": false,
        "file": "Idle-2.png",
        "kind": "image",
        "metadata": "",
        "name": "Idle-2.png",
        "smoothed": true,
        "userAdded": false
      },
      {
        "alwaysLoaded": false,
        "file": "Idle-3.png",
        "kind": "image",
        "metadata": "",
        "name": "Idle-3.png",
        "smoothed": true,
        "userAdded": false
      },
      {
        "alwaysLoaded": false,
        "file": "Idle-4.png",
        "kind": "image",
        "metadata": "",
        "name": "Idle-4.png",
        "smoothed": true,
        "userAdded": false
      },
      {
        "alwaysLoaded": false,
        "file": "Idle-5.png",
        "kind": "image",
        "metadata": "",
        "name": "Idle-5.png",
        "smoothed": true,
        "userAdded": false
      },
      {
        "alwaysLoaded": false,
        "file": "Jump-1.png",
        "kind": "image",
        "metadata": "",
        "name": "Jump-1.png",
        "smoothed": true,
        "userAdded": false
      },
      {
        "alwaysLoaded": false,
        "file": "Jump-2.png",
        "kind": "image",
        "metadata": "",
        "name": "Jump-2.png",
        "smoothed": true,
        "userAdded": false
      },
      {
        "alwaysLoaded": false,
        "file": "Jump-3.png",
        "kind": "image",
        "metadata": "",
        "name": "Jump-3.png",
        "smoothed": true,
        "userAdded": false
      },
      {
        "alwaysLoaded": false,
        "file": "Jump-4.png",
        "kind": "image",
        "metadata": "",
        "name": "Jump-4.png",
        "smoothed": true,
        "userAdded": false
      },
      {
        "alwaysLoaded": false,
        "file": "Jump-5.png",
        "kind": "image",
        "metadata": "",
        "name": "Jump-5.png",
        "smoothed": true,
        "userAdded": false
      },
      {
        "alwaysLoaded": false,
        "file": "Jump-6.png",
        "kind": "image",
        "metadata": "",
        "name": "Jump-6.png",
        "smoothed": true,
        "userAdded": false
      },
      {
        "alwaysLoaded": false,
        "file": "Jump-7.png",
        "kind": "image",
        "metadata": "",
        "name": "Jump-7.png",
        "smoothed": true,
        "userAdded": false
      },
      {
        "alwaysLoaded": false,
        "file": "Run-1.png",
        "kind": "image",
        "metadata": "",
        "name": "Run-1.png",
        "smoothed": true,
        "userAdded": true
      },
      {
        "alwaysLoaded": false,
        "file": "Run-2.png",
        "kind": "image",
        "metadata": "",
        "name": "Run-2.png",
        "smoothed": true,
        "userAdded": true
      },
      {
        "alwaysLoaded": false,
        "file": "Run-3.png",
        "kind": "image",
        "metadata": "",
        "name": "Run-3.png",
        "smoothed": true,
        "userAdded": true
      },
      {
        "alwaysLoaded": false,
        "file": "Run-4.png",
        "kind": "image",
        "metadata": "",
        "name": "Run-4.png",
        "smoothed": true,
        "userAdded": true
      },
      {
        "alwaysLoaded": false,
        "file": "Run-5.png",
        "kind": "image",
        "metadata": "",
        "name": "Run-5.png",
        "smoothed": true,
        "userAdded": true
      },
      {
        "alwaysLoaded": false,
        "file": "Run-6.png",
        "kind": "image",
        "metadata": "",
        "name": "Run-6.png",
        "smoothed": true,
        "userAdded": true
      },
      {
        "alwaysLoaded": false,
        "file": "Run-7.png",
        "kind": "image",
        "metadata": "",
        "name": "Run-7.png",
        "smoothed": true,
        "userAdded": true
      },
      {
        "alwaysLoaded": false,
        "file": "Run-8.png",
        "kind": "image",
        "metadata": "",
        "name": "Run-8.png",
        "smoothed": true,
        "userAdded": true
      },
      {
        "alwaysLoaded": false,
        "file": "Run-9.png",
        "kind": "image",
        "metadata": "",
        "name": "Run-9.png",
        "smoothed": true,
        "userAdded": true
      },
      {
        "alwaysLoaded": false,
        "file": "Atk-1.png",
        "kind": "image",
        "metadata": "",
        "name": "Atk-1.png",
        "smoothed": true,
        "userAdded": true
      },
      {
        "alwaysLoaded": false,
        "file": "Atk-2.png",
        "kind": "image",
        "metadata": "",
        "name": "Atk-2.png",
        "smoothed": true,
        "userAdded": true
      },
      {
        "alwaysLoaded": false,
        "file": "Atk-3.png",
        "kind": "image",
        "metadata": "",
        "name": "Atk-3.png",
        "smoothed": true,
        "userAdded": true
      },
      {
        "alwaysLoaded": false,
        "file": "Atk-4.png",
        "kind": "image",
        "metadata": "",
        "name": "Atk-4.png",
        "smoothed": true,
        "userAdded": true
      },
      {
        "alwaysLoaded": false,
        "file": "Atk-5.png",
        "kind": "image",
        "metadata": "",
        "name": "Atk-5.png",
        "smoothed": true,
        "userAdded": true
      },
      {
        "alwaysLoaded": false,
        "file": "Atk-6.png",
        "kind": "image",
        "metadata": "",
        "name": "Atk-6.png",
        "smoothed": true,
        "userAdded": true
      },
      {
        "alwaysLoaded": false,
        "file": "Atk-7.png",
        "kind": "image",
        "metadata": "",
        "name": "Atk-7.png",
        "smoothed": true,
        "userAdded": true
      },
      {
        "alwaysLoaded": false,
        "file": "Atk-8.png",
        "kind": "image",
        "metadata": "",
        "name": "Atk-8.png",
        "smoothed": true,
        "userAdded": true
      },
      {
        "alwaysLoaded": false,
        "file": "Atk-9.png",
        "kind": "image",
        "metadata": "",
        "name": "Atk-9.png",
        "smoothed": true,
        "userAdded": true
      },
      {
        "alwaysLoaded": false,
        "file": "Atk-10.png",
        "kind": "image",
        "metadata": "",
        "name": "Atk-10.png",
        "smoothed": true,
        "userAdded": true
      },
      {
        "alwaysLoaded": false,
        "file": "Atk-11.png",
        "kind": "image",
        "metadata": "",
        "name": "Atk-11.png",
        "smoothed": true,
        "userAdded": true
      },
      {
        "alwaysLoaded": false,
        "file": "Atk-12.png",
        "kind": "image",
        "metadata": "",
        "name": "Atk-12.png",
        "smoothed": true,
        "userAdded": true
      },
      {
        "alwaysLoaded": false,
        "file": "Atk-13.png",
        "kind": "image",
        "metadata": "",
        "name": "Atk-13.png",
        "smoothed": true,
        "userAdded": true
      },
      {
        "alwaysLoaded": false,
        "file": "Dw_Drawn_Bg1.png",
        "kind": "image",
        "metadata": "",
        "name": "Dw_Drawn_Bg1.png",
        "smoothed": true,
        "userAdded": true
      },
      {
        "alwaysLoaded": false,
        "file": "City3.png",
        "kind": "image",
        "metadata": "",
        "name": "City3.png",
        "smoothed": true,
        "userAdded": false
      },
      {
        "alwaysLoaded": false,
        "file": "City3Mountains.png",
        "kind": "image",
        "metadata": "",
        "name": "City3Mountains.png",
        "smoothed": true,
        "userAdded": false
      },
      {
        "alwaysLoaded": false,
        "file": "City3Mountains2.png",
        "kind": "image",
        "metadata": "",
        "name": "City3Mountains2.png",
        "smoothed": true,
        "userAdded": false
      },
      {
        "alwaysLoaded": false,
        "file": "NewObject-1.png",
        "kind": "image",
        "metadata": "",
        "name": "NewObject-1.png",
        "smoothed": true,
        "userAdded": false
      },
      {
        "alwaysLoaded": false,
        "file": "NewObject-2.png",
        "kind": "image",
        "metadata": "",
        "name": "NewObject-2.png",
        "smoothed": true,
        "userAdded": false
      },
      {
        "alwaysLoaded": false,
        "file": "NewObject-3.png",
        "kind": "image",
        "metadata": "",
        "name": "NewObject-3.png",
        "smoothed": true,
        "userAdded": false
      },
      {
        "alwaysLoaded": false,
        "file": "NewObject-4.png",
        "kind": "image",
        "metadata": "",
        "name": "NewObject-4.png",
        "smoothed": true,
        "userAdded": false
      },
      {
        "alwaysLoaded": false,
        "file": "NewObject-5.png",
        "kind": "image",
        "metadata": "",
        "name": "NewObject-5.png",
        "smoothed": true,
        "userAdded": false
      },
      {
        "alwaysLoaded": false,
        "file": "block-1.png",
        "kind": "image",
        "metadata": "",
        "name": "block-1.png",
        "smoothed": true,
        "userAdded": true
      },
      {
        "file": "176729__yottasounds__beast-roar-006.wav",
        "kind": "audio",
        "metadata": "",
        "name": "176729__yottasounds__beast-roar-006.wav",
        "preloadAsMusic": false,
        "preloadAsSound": false,
        "userAdded": true
      },
      {
        "file": "554936__bradsimkisshill__zombie-sounds.wav",
        "kind": "audio",
        "metadata": "",
        "name": "554936__bradsimkisshill__zombie-sounds.wav",
        "preloadAsMusic": false,
        "preloadAsSound": false,
        "userAdded": true
      },
      {
        "file": "z_creep.wav",
        "kind": "audio",
        "metadata": "",
        "name": "z_creep.wav",
        "preloadAsMusic": false,
        "preloadAsSound": false,
        "userAdded": true
      },
      {
        "file": "Zombie Attack Walk-SoundBible.com-520790529.wav",
        "kind": "audio",
        "metadata": "",
        "name": "Zombie Attack Walk-SoundBible.com-520790529.wav",
        "preloadAsMusic": false,
        "preloadAsSound": false,
        "userAdded": true
      },
      {
        "file": "soundscrate-demons.wav",
        "kind": "audio",
        "metadata": "",
        "name": "soundscrate-demons.wav",
        "preloadAsMusic": false,
        "preloadAsSound": false,
        "userAdded": true
      },
      {
        "file": "433725__disagree__running-on-ground.wav",
        "kind": "audio",
        "metadata": "",
        "name": "433725__disagree__running-on-ground.wav",
        "preloadAsMusic": false,
        "preloadAsSound": false,
        "userAdded": true
      },
      {
        "file": "Run.wav",
        "kind": "audio",
        "metadata": "",
        "name": "Run.wav",
        "preloadAsMusic": false,
        "preloadAsSound": false,
        "userAdded": true
      }
    ],
    "resourceFolders": []
  },
  "objects": [],
  "objectsGroups": [],
  "variables": [],
  "layouts": [
    {
      "b": 255,
      "disableInputWhenNotFocused": true,
      "mangledName": "One",
      "name": "One",
      "oglFOV": 90,
      "oglZFar": 500,
      "oglZNear": 1,
      "r": 255,
      "standardSortMethod": true,
      "stopSoundsOnStartup": true,
      "title": "",
      "v": 255,
      "uiSettings": {
        "grid": false,
        "gridType": "rectangular",
        "gridWidth": 32,
        "gridHeight": 32,
        "gridOffsetX": 0,
        "gridOffsetY": 0,
        "gridColor": 10401023,
        "gridAlpha": 0.8,
        "snap": false,
        "zoomFactor": 0.71,
        "windowMask": false
      },
      "objectsGroups": [],
      "variables": [],
      "instances": [
        {
          "angle": 0,
          "customSize": false,
          "height": 0,
          "layer": "",
          "locked": false,
          "name": "city",
          "persistentUuid": "e96844d1-0250-47e4-a813-6274344b8176",
          "width": 0,
          "x": -589,
          "y": -10,
          "zOrder": 3,
          "numberProperties": [],
          "stringProperties": [],
          "initialVariables": []
        },
        {
          "angle": 0,
          "customSize": true,
          "height": 80.7116928100586,
          "layer": "",
          "locked": false,
          "name": "crawler",
          "persistentUuid": "dd29bc16-10f4-4a87-a455-aca65e59862f",
          "width": 127.04618835449219,
          "x": 1407,
          "y": 433,
          "zOrder": 5,
          "numberProperties": [],
          "stringProperties": [],
          "initialVariables": []
        },
        {
          "angle": 0,
          "customSize": false,
          "height": 0,
          "layer": "",
          "locked": false,
          "name": "ground",
          "persistentUuid": "84b9ef5e-b3bd-4b71-8b51-c2b266c36070",
          "width": 0,
          "x": -606,
          "y": 607,
          "zOrder": 7,
          "numberProperties": [],
          "stringProperties": [],
          "initialVariables": []
        },
        {
          "angle": 0,
          "customSize": true,
          "height": 241,
          "layer": "",
          "locked": false,
          "name": "player",
          "persistentUuid": "761cfbb6-ab34-4055-a80b-af7e5907cbe2",
          "width": 349,
          "x": 74.87954711914062,
          "y": 580.3162231445312,
          "zOrder": 8,
          "numberProperties": [],
          "stringProperties": [],
          "initialVariables": []
        },
        {
          "angle": 0,
          "customSize": true,
          "height": 1064,
          "layer": "",
          "locked": false,
          "name": "ground",
          "persistentUuid": "9e5484ef-9b4a-416f-a94d-677ed5a47011",
          "width": 256,
          "x": -726,
          "y": -107,
          "zOrder": 9,
          "numberProperties": [],
          "stringProperties": [],
          "initialVariables": []
        },
        {
          "angle": 0,
          "customSize": true,
          "height": 475,
          "layer": "",
          "locked": false,
          "name": "ground",
          "persistentUuid": "7b100f94-fe15-4944-871d-44ba213a4b5a",
          "width": 1383,
          "x": 8800,
          "y": 132,
          "zOrder": 9,
          "numberProperties": [],
          "stringProperties": [],
          "initialVariables": []
        },
        {
          "angle": 0,
          "customSize": true,
          "height": 794,
          "layer": "",
          "locked": false,
          "name": "city",
          "persistentUuid": "5a7baddd-b093-42ac-b624-634af3cce3d6",
          "width": 11302,
          "x": -11888,
          "y": -33,
          "zOrder": 3,
          "numberProperties": [],
          "stringProperties": [],
          "initialVariables": []
        },
        {
          "angle": 0,
          "customSize": false,
          "height": 0,
          "layer": "",
          "locked": false,
          "name": "Right",
          "persistentUuid": "ab1cec9f-e0ea-4dae-9690-5ee686c540f5",
          "width": 0,
          "x": 1146,
          "y": 356,
          "zOrder": 10,
          "numberProperties": [],
          "stringProperties": [],
          "initialVariables": []
        },
        {
          "angle": 0,
          "customSize": false,
          "height": 0,
          "layer": "",
          "locked": false,
          "name": "Left",
          "persistentUuid": "8196ffab-eef7-4835-b949-6efbac66d158",
          "width": 0,
          "x": 3371,
          "y": 345,
          "zOrder": 11,
          "numberProperties": [],
          "stringProperties": [],
          "initialVariables": []
        }
      ],
      "objects": [
        {
          "name": "player",
          "tags": "",
          "type": "Sprite",
          "updateIfNotVisible": false,
          "variables": [],
          "effects": [
            {
              "effectType": "OldFilm",
              "name": "Effect",
              "doubleParameters": {
                "animationFrequency": 60,
                "noise": 0.3,
                "noiseSize": 1,
                "scratch": 0.5,
                "scratchDensity": 0.3,
                "scratchWidth": 1,
                "sepia": 0.3,
                "vignetting": 0.3,
                "vignettingAlpha": 1,
                "vignettingBlur": 0.3
              },
              "stringParameters": {},
              "booleanParameters": {}
            }
          ],
          "behaviors": [
            {
              "name": "PlatformerObject",
              "type": "PlatformBehavior::PlatformerObjectBehavior",
              "acceleration": 1500,
              "canGrabPlatforms": false,
              "deceleration": 1500,
              "gravity": 1000,
              "ignoreDefaultControls": false,
              "jumpSpeed": 600,
              "jumpSustainTime": 0.2,
              "ladderClimbingSpeed": 150,
              "maxFallingSpeed": 700,
              "maxSpeed": 250,
              "roundCoordinates": true,
              "slopeMaxAngle": 60,
              "xGrabTolerance": 10,
              "yGrabOffset": 0
            }
          ],
          "animations": [
            {
              "name": "Idle",
              "useMultipleDirections": false,
              "directions": [
                {
                  "looping": true,
                  "timeBetweenFrames": 0.07999999821186066,
                  "sprites": [
                    {
                      "hasCustomCollisionMask": true,
                      "image": "Idle-1.png",
                      "points": [],
                      "originPoint": {
                        "name": "origine",
                        "x": 223,
                        "y": 285.4000244140625
                      },
                      "centerPoint": {
                        "automatic": true,
                        "name": "centre",
                        "x": 0,
                        "y": 0
                      },
                      "customCollisionMask": [
                        [
                          {
                            "x": 197.39999389648438,
                            "y": 104.59999084472656
                          },
                          {
                            "x": 232.60000610351562,
                            "y": 104.59999084472656
                          },
                          {
                            "x": 262.20001220703125,
                            "y": 285.4000244140625
                          },
                          {
                            "x": 189.39999389648438,
                            "y": 284.60003662109375
                          }
                        ]
                      ]
                    },
                    {
                      "hasCustomCollisionMask": true,
                      "image": "Idle-2.png",
                      "points": [],
                      "originPoint": {
                        "name": "origine",
                        "x": 223,
                        "y": 285.4000244140625
                      },
                      "centerPoint": {
                        "automatic": true,
                        "name": "centre",
                        "x": 0,
                        "y": 0
                      },
                      "customCollisionMask": [
                        [
                          {
                            "x": 197.39999389648438,
                            "y": 104.59999084472656
                          },
                          {
                            "x": 232.60000610351562,
                            "y": 104.59999084472656
                          },
                          {
                            "x": 262.20001220703125,
                            "y": 285.4000244140625
                          },
                          {
                            "x": 189.39999389648438,
                            "y": 284.60003662109375
                          }
                        ]
                      ]
                    },
                    {
                      "hasCustomCollisionMask": true,
                      "image": "Idle-3.png",
                      "points": [],
                      "originPoint": {
                        "name": "origine",
                        "x": 223,
                        "y": 285.4000244140625
                      },
                      "centerPoint": {
                        "automatic": true,
                        "name": "centre",
                        "x": 0,
                        "y": 0
                      },
                      "customCollisionMask": [
                        [
                          {
                            "x": 197.39999389648438,
                            "y": 104.59999084472656
                          },
                          {
                            "x": 232.60000610351562,
                            "y": 104.59999084472656
                          },
                          {
                            "x": 262.20001220703125,
                            "y": 285.4000244140625
                          },
                          {
                            "x": 189.39999389648438,
                            "y": 284.60003662109375
                          }
                        ]
                      ]
                    },
                    {
                      "hasCustomCollisionMask": true,
                      "image": "Idle-4.png",
                      "points": [],
                      "originPoint": {
                        "name": "origine",
                        "x": 223,
                        "y": 285.4000244140625
                      },
                      "centerPoint": {
                        "automatic": true,
                        "name": "centre",
                        "x": 0,
                        "y": 0
                      },
                      "customCollisionMask": [
                        [
                          {
                            "x": 197.39999389648438,
                            "y": 104.59999084472656
                          },
                          {
                            "x": 232.60000610351562,
                            "y": 104.59999084472656
                          },
                          {
                            "x": 262.20001220703125,
                            "y": 285.4000244140625
                          },
                          {
                            "x": 189.39999389648438,
                            "y": 284.60003662109375
                          }
                        ]
                      ]
                    },
                    {
                      "hasCustomCollisionMask": true,
                      "image": "Idle-5.png",
                      "points": [],
                      "originPoint": {
                        "name": "origine",
                        "x": 223,
                        "y": 285.4000244140625
                      },
                      "centerPoint": {
                        "automatic": true,
                        "name": "centre",
                        "x": 0,
                        "y": 0
                      },
                      "customCollisionMask": [
                        [
                          {
                            "x": 197.39999389648438,
                            "y": 104.59999084472656
                          },
                          {
                            "x": 232.60000610351562,
                            "y": 104.59999084472656
                          },
                          {
                            "x": 262.20001220703125,
                            "y": 285.4000244140625
                          },
                          {
                            "x": 189.39999389648438,
                            "y": 284.60003662109375
                          }
                        ]
                      ]
                    }
                  ]
                }
              ]
            },
            {
              "name": "Jump",
              "useMultipleDirections": false,
              "directions": [
                {
                  "looping": false,
                  "timeBetweenFrames": 0.07999999821186066,
                  "sprites": [
                    {
                      "hasCustomCollisionMask": true,
                      "image": "Jump-4.png",
                      "points": [],
                      "originPoint": {
                        "name": "origine",
                        "x": 223,
                        "y": 285.4000244140625
                      },
                      "centerPoint": {
                        "automatic": true,
                        "name": "centre",
                        "x": 0,
                        "y": 0
                      },
                      "customCollisionMask": [
                        [
                          {
                            "x": 197.39999389648438,
                            "y": 104.59999084472656
                          },
                          {
                            "x": 232.60000610351562,
                            "y": 104.59999084472656
                          },
                          {
                            "x": 262.20001220703125,
                            "y": 285.4000244140625
                          },
                          {
                            "x": 189.39999389648438,
                            "y": 284.60003662109375
                          }
                        ]
                      ]
                    },
                    {
                      "hasCustomCollisionMask": true,
                      "image": "Jump-5.png",
                      "points": [],
                      "originPoint": {
                        "name": "origine",
                        "x": 223,
                        "y": 285.4000244140625
                      },
                      "centerPoint": {
                        "automatic": true,
                        "name": "centre",
                        "x": 0,
                        "y": 0
                      },
                      "customCollisionMask": [
                        [
                          {
                            "x": 197.39999389648438,
                            "y": 104.59999084472656
                          },
                          {
                            "x": 232.60000610351562,
                            "y": 104.59999084472656
                          },
                          {
                            "x": 262.20001220703125,
                            "y": 285.4000244140625
                          },
                          {
                            "x": 189.39999389648438,
                            "y": 284.60003662109375
                          }
                        ]
                      ]
                    }
                  ]
                }
              ]
            },
            {
              "name": "Run",
              "useMultipleDirections": false,
              "directions": [
                {
                  "looping": true,
                  "timeBetweenFrames": 0.07999999821186066,
                  "sprites": [
                    {
                      "hasCustomCollisionMask": true,
                      "image": "Run-1.png",
                      "points": [],
                      "originPoint": {
                        "name": "origine",
                        "x": 223,
                        "y": 285.4000244140625
                      },
                      "centerPoint": {
                        "automatic": true,
                        "name": "centre",
                        "x": 0,
                        "y": 0
                      },
                      "customCollisionMask": [
                        [
                          {
                            "x": 197.39999389648438,
                            "y": 104.59999084472656
                          },
                          {
                            "x": 232.60000610351562,
                            "y": 104.59999084472656
                          },
                          {
                            "x": 262.20001220703125,
                            "y": 285.4000244140625
                          },
                          {
                            "x": 189.39999389648438,
                            "y": 284.60003662109375
                          }
                        ]
                      ]
                    },
                    {
                      "hasCustomCollisionMask": true,
                      "image": "Run-2.png",
                      "points": [],
                      "originPoint": {
                        "name": "origine",
                        "x": 223,
                        "y": 285.4000244140625
                      },
                      "centerPoint": {
                        "automatic": true,
                        "name": "centre",
                        "x": 0,
                        "y": 0
                      },
                      "customCollisionMask": [
                        [
                          {
                            "x": 197.39999389648438,
                            "y": 104.59999084472656
                          },
                          {
                            "x": 232.60000610351562,
                            "y": 104.59999084472656
                          },
                          {
                            "x": 262.20001220703125,
                            "y": 285.4000244140625
                          },
                          {
                            "x": 189.39999389648438,
                            "y": 284.60003662109375
                          }
                        ]
                      ]
                    },
                    {
                      "hasCustomCollisionMask": true,
                      "image": "Run-3.png",
                      "points": [],
                      "originPoint": {
                        "name": "origine",
                        "x": 223,
                        "y": 285.4000244140625
                      },
                      "centerPoint": {
                        "automatic": true,
                        "name": "centre",
                        "x": 0,
                        "y": 0
                      },
                      "customCollisionMask": [
                        [
                          {
                            "x": 197.39999389648438,
                            "y": 104.59999084472656
                          },
                          {
                            "x": 232.60000610351562,
                            "y": 104.59999084472656
                          },
                          {
                            "x": 262.20001220703125,
                            "y": 285.4000244140625
                          },
                          {
                            "x": 189.39999389648438,
                            "y": 284.60003662109375
                          }
                        ]
                      ]
                    },
                    {
                      "hasCustomCollisionMask": true,
                      "image": "Run-4.png",
                      "points": [],
                      "originPoint": {
                        "name": "origine",
                        "x": 223,
                        "y": 285.4000244140625
                      },
                      "centerPoint": {
                        "automatic": true,
                        "name": "centre",
                        "x": 0,
                        "y": 0
                      },
                      "customCollisionMask": [
                        [
                          {
                            "x": 197.39999389648438,
                            "y": 104.59999084472656
                          },
                          {
                            "x": 232.60000610351562,
                            "y": 104.59999084472656
                          },
                          {
                            "x": 262.20001220703125,
                            "y": 285.4000244140625
                          },
                          {
                            "x": 189.39999389648438,
                            "y": 284.60003662109375
                          }
                        ]
                      ]
                    },
                    {
                      "hasCustomCollisionMask": true,
                      "image": "Run-5.png",
                      "points": [],
                      "originPoint": {
                        "name": "origine",
                        "x": 223,
                        "y": 285.4000244140625
                      },
                      "centerPoint": {
                        "automatic": true,
                        "name": "centre",
                        "x": 0,
                        "y": 0
                      },
                      "customCollisionMask": [
                        [
                          {
                            "x": 197.39999389648438,
                            "y": 104.59999084472656
                          },
                          {
                            "x": 232.60000610351562,
                            "y": 104.59999084472656
                          },
                          {
                            "x": 262.20001220703125,
                            "y": 285.4000244140625
                          },
                          {
                            "x": 189.39999389648438,
                            "y": 284.60003662109375
                          }
                        ]
                      ]
                    },
                    {
                      "hasCustomCollisionMask": true,
                      "image": "Run-6.png",
                      "points": [],
                      "originPoint": {
                        "name": "origine",
                        "x": 223,
                        "y": 285.4000244140625
                      },
                      "centerPoint": {
                        "automatic": true,
                        "name": "centre",
                        "x": 0,
                        "y": 0
                      },
                      "customCollisionMask": [
                        [
                          {
                            "x": 197.39999389648438,
                            "y": 104.59999084472656
                          },
                          {
                            "x": 232.60000610351562,
                            "y": 104.59999084472656
                          },
                          {
                            "x": 262.20001220703125,
                            "y": 285.4000244140625
                          },
                          {
                            "x": 189.39999389648438,
                            "y": 284.60003662109375
                          }
                        ]
                      ]
                    },
                    {
                      "hasCustomCollisionMask": true,
                      "image": "Run-7.png",
                      "points": [],
                      "originPoint": {
                        "name": "origine",
                        "x": 223,
                        "y": 285.4000244140625
                      },
                      "centerPoint": {
                        "automatic": true,
                        "name": "centre",
                        "x": 0,
                        "y": 0
                      },
                      "customCollisionMask": [
                        [
                          {
                            "x": 197.39999389648438,
                            "y": 104.59999084472656
                          },
                          {
                            "x": 232.60000610351562,
                            "y": 104.59999084472656
                          },
                          {
                            "x": 262.20001220703125,
                            "y": 285.4000244140625
                          },
                          {
                            "x": 189.39999389648438,
                            "y": 284.60003662109375
                          }
                        ]
                      ]
                    },
                    {
                      "hasCustomCollisionMask": true,
                      "image": "Run-8.png",
                      "points": [],
                      "originPoint": {
                        "name": "origine",
                        "x": 223,
                        "y": 285.4000244140625
                      },
                      "centerPoint": {
                        "automatic": true,
                        "name": "centre",
                        "x": 0,
                        "y": 0
                      },
                      "customCollisionMask": [
                        [
                          {
                            "x": 197.39999389648438,
                            "y": 104.59999084472656
                          },
                          {
                            "x": 232.60000610351562,
                            "y": 104.59999084472656
                          },
                          {
                            "x": 262.20001220703125,
                            "y": 285.4000244140625
                          },
                          {
                            "x": 189.39999389648438,
                            "y": 284.60003662109375
                          }
                        ]
                      ]
                    },
                    {
                      "hasCustomCollisionMask": true,
                      "image": "Run-9.png",
                      "points": [],
                      "originPoint": {
                        "name": "origine",
                        "x": 223,
                        "y": 285.4000244140625
                      },
                      "centerPoint": {
                        "automatic": true,
                        "name": "centre",
                        "x": 0,
                        "y": 0
                      },
                      "customCollisionMask": [
                        [
                          {
                            "x": 197.39999389648438,
                            "y": 104.59999084472656
                          },
                          {
                            "x": 232.60000610351562,
                            "y": 104.59999084472656
                          },
                          {
                            "x": 262.20001220703125,
                            "y": 285.4000244140625
                          },
                          {
                            "x": 189.39999389648438,
                            "y": 284.60003662109375
                          }
                        ]
                      ]
                    }
                  ]
                }
              ]
            },
            {
              "name": "Atk",
              "useMultipleDirections": false,
              "directions": [
                {
                  "looping": true,
                  "timeBetweenFrames": 0.07999999821186066,
                  "sprites": [
                    {
                      "hasCustomCollisionMask": true,
                      "image": "Atk-1.png",
                      "points": [],
                      "originPoint": {
                        "name": "origine",
                        "x": 223,
                        "y": 285.4000244140625
                      },
                      "centerPoint": {
                        "automatic": true,
                        "name": "centre",
                        "x": 0,
                        "y": 0
                      },
                      "customCollisionMask": [
                        [
                          {
                            "x": 197.39999389648438,
                            "y": 104.59999084472656
                          },
                          {
                            "x": 232.60000610351562,
                            "y": 104.59999084472656
                          },
                          {
                            "x": 262.20001220703125,
                            "y": 285.4000244140625
                          },
                          {
                            "x": 189.39999389648438,
                            "y": 284.60003662109375
                          }
                        ]
                      ]
                    },
                    {
                      "hasCustomCollisionMask": true,
                      "image": "Atk-2.png",
                      "points": [],
                      "originPoint": {
                        "name": "origine",
                        "x": 223,
                        "y": 285.4000244140625
                      },
                      "centerPoint": {
                        "automatic": true,
                        "name": "centre",
                        "x": 0,
                        "y": 0
                      },
                      "customCollisionMask": [
                        [
                          {
                            "x": 197.39999389648438,
                            "y": 104.59999084472656
                          },
                          {
                            "x": 232.60000610351562,
                            "y": 104.59999084472656
                          },
                          {
                            "x": 262.20001220703125,
                            "y": 285.4000244140625
                          },
                          {
                            "x": 189.39999389648438,
                            "y": 284.60003662109375
                          }
                        ]
                      ]
                    },
                    {
                      "hasCustomCollisionMask": true,
                      "image": "Atk-3.png",
                      "points": [],
                      "originPoint": {
                        "name": "origine",
                        "x": 223,
                        "y": 285.4000244140625
                      },
                      "centerPoint": {
                        "automatic": true,
                        "name": "centre",
                        "x": 0,
                        "y": 0
                      },
                      "customCollisionMask": [
                        [
                          {
                            "x": 197.39999389648438,
                            "y": 104.59999084472656
                          },
                          {
                            "x": 232.60000610351562,
                            "y": 104.59999084472656
                          },
                          {
                            "x": 262.20001220703125,
                            "y": 285.4000244140625
                          },
                          {
                            "x": 189.39999389648438,
                            "y": 284.60003662109375
                          }
                        ]
                      ]
                    },
                    {
                      "hasCustomCollisionMask": true,
                      "image": "Atk-4.png",
                      "points": [],
                      "originPoint": {
                        "name": "origine",
                        "x": 223,
                        "y": 285.4000244140625
                      },
                      "centerPoint": {
                        "automatic": true,
                        "name": "centre",
                        "x": 0,
                        "y": 0
                      },
                      "customCollisionMask": [
                        [
                          {
                            "x": 197.39999389648438,
                            "y": 104.59999084472656
                          },
                          {
                            "x": 232.60000610351562,
                            "y": 104.59999084472656
                          },
                          {
                            "x": 262.20001220703125,
                            "y": 285.4000244140625
                          },
                          {
                            "x": 189.39999389648438,
                            "y": 284.60003662109375
                          }
                        ]
                      ]
                    },
                    {
                      "hasCustomCollisionMask": true,
                      "image": "Atk-5.png",
                      "points": [],
                      "originPoint": {
                        "name": "origine",
                        "x": 223,
                        "y": 285.4000244140625
                      },
                      "centerPoint": {
                        "automatic": true,
                        "name": "centre",
                        "x": 0,
                        "y": 0
                      },
                      "customCollisionMask": [
                        [
                          {
                            "x": 197.39999389648438,
                            "y": 104.59999084472656
                          },
                          {
                            "x": 232.60000610351562,
                            "y": 104.59999084472656
                          },
                          {
                            "x": 262.20001220703125,
                            "y": 285.4000244140625
                          },
                          {
                            "x": 189.39999389648438,
                            "y": 284.60003662109375
                          }
                        ]
                      ]
                    },
                    {
                      "hasCustomCollisionMask": true,
                      "image": "Atk-6.png",
                      "points": [],
                      "originPoint": {
                        "name": "origine",
                        "x": 223,
                        "y": 285.4000244140625
                      },
                      "centerPoint": {
                        "automatic": true,
                        "name": "centre",
                        "x": 0,
                        "y": 0
                      },
                      "customCollisionMask": [
                        [
                          {
                            "x": 197.39999389648438,
                            "y": 104.59999084472656
                          },
                          {
                            "x": 232.60000610351562,
                            "y": 104.59999084472656
                          },
                          {
                            "x": 262.20001220703125,
                            "y": 285.4000244140625
                          },
                          {
                            "x": 189.39999389648438,
                            "y": 284.60003662109375
                          }
                        ]
                      ]
                    },
                    {
                      "hasCustomCollisionMask": true,
                      "image": "Atk-7.png",
                      "points": [],
                      "originPoint": {
                        "name": "origine",
                        "x": 223,
                        "y": 285.4000244140625
                      },
                      "centerPoint": {
                        "automatic": true,
                        "name": "centre",
                        "x": 0,
                        "y": 0
                      },
                      "customCollisionMask": [
                        [
                          {
                            "x": 197.39999389648438,
                            "y": 104.59999084472656
                          },
                          {
                            "x": 232.60000610351562,
                            "y": 104.59999084472656
                          },
                          {
                            "x": 262.20001220703125,
                            "y": 285.4000244140625
                          },
                          {
                            "x": 189.39999389648438,
                            "y": 284.60003662109375
                          }
                        ]
                      ]
                    },
                    {
                      "hasCustomCollisionMask": true,
                      "image": "Atk-8.png",
                      "points": [],
                      "originPoint": {
                        "name": "origine",
                        "x": 223,
                        "y": 285.4000244140625
                      },
                      "centerPoint": {
                        "automatic": true,
                        "name": "centre",
                        "x": 0,
                        "y": 0
                      },
                      "customCollisionMask": [
                        [
                          {
                            "x": 197.39999389648438,
                            "y": 104.59999084472656
                          },
                          {
                            "x": 232.60000610351562,
                            "y": 104.59999084472656
                          },
                          {
                            "x": 262.20001220703125,
                            "y": 285.4000244140625
                          },
                          {
                            "x": 189.39999389648438,
                            "y": 284.60003662109375
                          }
                        ]
                      ]
                    },
                    {
                      "hasCustomCollisionMask": true,
                      "image": "Atk-9.png",
                      "points": [],
                      "originPoint": {
                        "name": "origine",
                        "x": 223,
                        "y": 285.4000244140625
                      },
                      "centerPoint": {
                        "automatic": true,
                        "name": "centre",
                        "x": 0,
                        "y": 0
                      },
                      "customCollisionMask": [
                        [
                          {
                            "x": 197.39999389648438,
                            "y": 104.59999084472656
                          },
                          {
                            "x": 232.60000610351562,
                            "y": 104.59999084472656
                          },
                          {
                            "x": 262.20001220703125,
                            "y": 285.4000244140625
                          },
                          {
                            "x": 189.39999389648438,
                            "y": 284.60003662109375
                          }
                        ]
                      ]
                    },
                    {
                      "hasCustomCollisionMask": true,
                      "image": "Atk-10.png",
                      "points": [],
                      "originPoint": {
                        "name": "origine",
                        "x": 223,
                        "y": 285.4000244140625
                      },
                      "centerPoint": {
                        "automatic": true,
                        "name": "centre",
                        "x": 0,
                        "y": 0
                      },
                      "customCollisionMask": [
                        [
                          {
                            "x": 197.39999389648438,
                            "y": 104.59999084472656
                          },
                          {
                            "x": 232.60000610351562,
                            "y": 104.59999084472656
                          },
                          {
                            "x": 262.20001220703125,
                            "y": 285.4000244140625
                          },
                          {
                            "x": 189.39999389648438,
                            "y": 284.60003662109375
                          }
                        ]
                      ]
                    },
                    {
                      "hasCustomCollisionMask": true,
                      "image": "Atk-11.png",
                      "points": [],
                      "originPoint": {
                        "name": "origine",
                        "x": 223,
                        "y": 285.4000244140625
                      },
                      "centerPoint": {
                        "automatic": true,
                        "name": "centre",
                        "x": 0,
                        "y": 0
                      },
                      "customCollisionMask": [
                        [
                          {
                            "x": 197.39999389648438,
                            "y": 104.59999084472656
                          },
                          {
                            "x": 232.60000610351562,
                            "y": 104.59999084472656
                          },
                          {
                            "x": 262.20001220703125,
                            "y": 285.4000244140625
                          },
                          {
                            "x": 189.39999389648438,
                            "y": 284.60003662109375
                          }
                        ]
                      ]
                    },
                    {
                      "hasCustomCollisionMask": true,
                      "image": "Atk-12.png",
                      "points": [],
                      "originPoint": {
                        "name": "origine",
                        "x": 223,
                        "y": 285.4000244140625
                      },
                      "centerPoint": {
                        "automatic": true,
                        "name": "centre",
                        "x": 0,
                        "y": 0
                      },
                      "customCollisionMask": [
                        [
                          {
                            "x": 197.39999389648438,
                            "y": 104.59999084472656
                          },
                          {
                            "x": 232.60000610351562,
                            "y": 104.59999084472656
                          },
                          {
                            "x": 262.20001220703125,
                            "y": 285.4000244140625
                          },
                          {
                            "x": 189.39999389648438,
                            "y": 284.60003662109375
                          }
                        ]
                      ]
                    },
                    {
                      "hasCustomCollisionMask": true,
                      "image": "Atk-13.png",
                      "points": [],
                      "originPoint": {
                        "name": "origine",
                        "x": 223,
                        "y": 285.4000244140625
                      },
                      "centerPoint": {
                        "automatic": true,
                        "name": "centre",
                        "x": 0,
                        "y": 0
                      },
                      "customCollisionMask": [
                        [
                          {
                            "x": 197.39999389648438,
                            "y": 104.59999084472656
                          },
                          {
                            "x": 232.60000610351562,
                            "y": 104.59999084472656
                          },
                          {
                            "x": 262.20001220703125,
                            "y": 285.4000244140625
                          },
                          {
                            "x": 189.39999389648438,
                            "y": 284.60003662109375
                          }
                        ]
                      ]
                    }
                  ]
                }
              ]
            }
          ]
        },
        {
          "name": "Room1",
          "tags": "",
          "type": "Sprite",
          "updateIfNotVisible": false,
          "variables": [],
          "effects": [],
          "behaviors": [],
          "animations": [
            {
              "name": "",
              "useMultipleDirections": false,
              "directions": [
                {
                  "looping": false,
                  "timeBetweenFrames": 0.08,
                  "sprites": [
                    {
                      "hasCustomCollisionMask": false,
                      "image": "Dw_Drawn_Bg1.png",
                      "points": [],
                      "originPoint": {
                        "name": "origine",
                        "x": 0,
                        "y": 0
                      },
                      "centerPoint": {
                        "automatic": true,
                        "name": "centre",
                        "x": 0,
                        "y": 0
                      },
                      "customCollisionMask": []
                    }
                  ]
                }
              ]
            }
          ]
        },
        {
          "name": "city",
          "tags": "",
          "type": "Sprite",
          "updateIfNotVisible": false,
          "variables": [],
          "effects": [
            {
              "effectType": "OldFilm",
              "name": "Effect",
              "doubleParameters": {
                "animationFrequency": 60,
                "noise": 0.3,
                "noiseSize": 1,
                "scratch": 0.5,
                "scratchDensity": 0.3,
                "scratchWidth": 1,
                "sepia": 0.3,
                "vignetting": 0.3,
                "vignettingAlpha": 1,
                "vignettingBlur": 0.3
              },
              "stringParameters": {},
              "booleanParameters": {}
            }
          ],
          "behaviors": [],
          "animations": [
            {
              "name": "city",
              "useMultipleDirections": false,
              "directions": [
                {
                  "looping": false,
                  "timeBetweenFrames": 0.08,
                  "sprites": [
                    {
                      "hasCustomCollisionMask": false,
                      "image": "City3.png",
                      "points": [],
                      "originPoint": {
                        "name": "origine",
                        "x": 0,
                        "y": 0
                      },
                      "centerPoint": {
                        "automatic": true,
                        "name": "centre",
                        "x": 0,
                        "y": 0
                      },
                      "customCollisionMask": []
                    }
                  ]
                }
              ]
            }
          ]
        },
        {
          "height": 256,
          "name": "mountains",
          "tags": "",
          "texture": "City3Mountains2.png",
          "type": "TiledSpriteObject::TiledSprite",
          "width": 256,
          "variables": [],
          "effects": [],
          "behaviors": []
        },
        {
          "name": "crawler",
          "tags": "",
          "type": "Sprite",
          "updateIfNotVisible": false,
          "variables": [],
          "effects": [
            {
              "effectType": "OldFilm",
              "name": "Effect",
              "doubleParameters": {
                "animationFrequency": 60,
                "noise": 0.3,
                "noiseSize": 1,
                "scratch": 0.5,
                "scratchDensity": 0.3,
                "scratchWidth": 1,
                "sepia": 0.3,
                "vignetting": 0.3,
                "vignettingAlpha": 1,
                "vignettingBlur": 0.3
              },
              "stringParameters": {},
              "booleanParameters": {}
            }
          ],
          "behaviors": [
            {
              "name": "PlatformerObject",
              "type": "PlatformBehavior::PlatformerObjectBehavior",
              "acceleration": 1500,
              "canGrabPlatforms": false,
              "deceleration": 1500,
              "gravity": 1000,
              "ignoreDefaultControls": true,
              "jumpSpeed": 600,
              "jumpSustainTime": 0.2,
              "ladderClimbingSpeed": 150,
              "maxFallingSpeed": 700,
              "maxSpeed": 250,
              "roundCoordinates": true,
              "slopeMaxAngle": 60,
              "xGrabTolerance": 10,
              "yGrabOffset": 0
            }
          ],
          "animations": [
            {
              "name": "crawl",
              "useMultipleDirections": false,
              "directions": [
                {
                  "looping": true,
                  "timeBetweenFrames": 0.20000000298023224,
                  "sprites": [
                    {
                      "hasCustomCollisionMask": true,
                      "image": "NewObject-1.png",
                      "points": [],
                      "originPoint": {
                        "name": "origine",
                        "x": 0,
                        "y": 0
                      },
                      "centerPoint": {
                        "automatic": true,
                        "name": "centre",
                        "x": 0,
                        "y": 0
                      },
                      "customCollisionMask": [
                        [
                          {
                            "x": 122.60000610351562,
                            "y": 30.800006866455078
                          },
                          {
                            "x": 456.20001220703125,
                            "y": 34.00001907348633
                          },
                          {
                            "x": 492,
                            "y": 125.19999694824219
                          },
                          {
                            "x": 137.80001831054688,
                            "y": 153.1999969482422
                          }
                        ]
                      ]
                    },
                    {
                      "hasCustomCollisionMask": true,
                      "image": "NewObject-2.png",
                      "points": [],
                      "originPoint": {
                        "name": "origine",
                        "x": 0,
                        "y": 0
                      },
                      "centerPoint": {
                        "automatic": true,
                        "name": "centre",
                        "x": 0,
                        "y": 0
                      },
                      "customCollisionMask": [
                        [
                          {
                            "x": 122.60000610351562,
                            "y": 30.800006866455078
                          },
                          {
                            "x": 456.20001220703125,
                            "y": 34.00001907348633
                          },
                          {
                            "x": 492,
                            "y": 125.19999694824219
                          },
                          {
                            "x": 137.80001831054688,
                            "y": 153.1999969482422
                          }
                        ]
                      ]
                    },
                    {
                      "hasCustomCollisionMask": true,
                      "image": "NewObject-3.png",
                      "points": [],
                      "originPoint": {
                        "name": "origine",
                        "x": 0,
                        "y": 0
                      },
                      "centerPoint": {
                        "automatic": true,
                        "name": "centre",
                        "x": 0,
                        "y": 0
                      },
                      "customCollisionMask": [
                        [
                          {
                            "x": 122.60000610351562,
                            "y": 30.800006866455078
                          },
                          {
                            "x": 456.20001220703125,
                            "y": 34.00001907348633
                          },
                          {
                            "x": 492,
                            "y": 125.19999694824219
                          },
                          {
                            "x": 137.80001831054688,
                            "y": 153.1999969482422
                          }
                        ]
                      ]
                    },
                    {
                      "hasCustomCollisionMask": true,
                      "image": "NewObject-4.png",
                      "points": [],
                      "originPoint": {
                        "name": "origine",
                        "x": 0,
                        "y": 0
                      },
                      "centerPoint": {
                        "automatic": true,
                        "name": "centre",
                        "x": 0,
                        "y": 0
                      },
                      "customCollisionMask": [
                        [
                          {
                            "x": 122.60000610351562,
                            "y": 30.800006866455078
                          },
                          {
                            "x": 456.20001220703125,
                            "y": 34.00001907348633
                          },
                          {
                            "x": 492,
                            "y": 125.19999694824219
                          },
                          {
                            "x": 137.80001831054688,
                            "y": 153.1999969482422
                          }
                        ]
                      ]
                    },
                    {
                      "hasCustomCollisionMask": true,
                      "image": "NewObject-5.png",
                      "points": [],
                      "originPoint": {
                        "name": "origine",
                        "x": 0,
                        "y": 0
                      },
                      "centerPoint": {
                        "automatic": true,
                        "name": "centre",
                        "x": 0,
                        "y": 0
                      },
                      "customCollisionMask": [
                        [
                          {
                            "x": 122.60000610351562,
                            "y": 30.800006866455078
                          },
                          {
                            "x": 456.20001220703125,
                            "y": 34.00001907348633
                          },
                          {
                            "x": 492,
                            "y": 125.19999694824219
                          },
                          {
                            "x": 137.80001831054688,
                            "y": 153.1999969482422
                          }
                        ]
                      ]
                    }
                  ]
                }
              ]
            }
          ]
        },
        {
          "height": 256,
          "name": "Right",
          "tags": "",
          "texture": "block-1.png",
          "type": "TiledSpriteObject::TiledSprite",
          "width": 256,
          "variables": [],
          "effects": [],
          "behaviors": []
        },
        {
          "height": 256,
          "name": "Left",
          "tags": "",
          "texture": "block-1.png",
          "type": "TiledSpriteObject::TiledSprite",
          "width": 256,
          "variables": [],
          "effects": [],
          "behaviors": []
        },
        {
          "height": 466,
          "name": "ground",
          "tags": "",
          "texture": "block-1.png",
          "type": "TiledSpriteObject::TiledSprite",
          "width": 12000,
          "variables": [],
          "effects": [],
          "behaviors": [
            {
              "name": "Platform",
              "type": "PlatformBehavior::PlatformBehavior",
              "canBeGrabbed": true,
              "platformType": "NormalPlatform",
              "yGrabOffset": 0
            }
          ]
        }
      ],
      "events": [
        {
          "disabled": false,
          "folded": false,
          "type": "BuiltinCommonInstructions::Standard",
          "conditions": [
            {
              "type": {
                "inverted": false,
                "value": "PlatformBehavior::IsOnFloor"
              },
              "parameters": [
                "player",
                "PlatformerObject"
              ],
              "subInstructions": []
            }
          ],
          "actions": [],
          "events": [
            {
              "disabled": false,
              "folded": false,
              "type": "BuiltinCommonInstructions::Standard",
              "conditions": [
                {
                  "type": {
                    "inverted": false,
                    "value": "PlatformBehavior::IsMoving"
                  },
                  "parameters": [
                    "player",
                    "PlatformerObject"
                  ],
                  "subInstructions": []
                }
              ],
              "actions": [
                {
                  "type": {
                    "inverted": false,
                    "value": "ChangeAnimation"
                  },
                  "parameters": [
                    "player",
                    "=",
                    "2"
                  ],
                  "subInstructions": []
                }
              ],
              "events": [
                {
                  "disabled": false,
                  "folded": false,
                  "type": "BuiltinCommonInstructions::Standard",
                  "conditions": [
                    {
                      "type": {
                        "inverted": false,
                        "value": "BuiltinCommonInstructions::Once"
                      },
                      "parameters": [],
                      "subInstructions": []
                    }
                  ],
                  "actions": [
                    {
                      "type": {
                        "inverted": false,
                        "value": "PlaySoundCanal"
                      },
                      "parameters": [
                        "",
                        "Run.wav",
                        "2",
                        "yes",
                        "50",
                        ""
                      ],
                      "subInstructions": []
                    },
                    {
                      "type": {
                        "inverted": false,
                        "value": "ModVolumeSoundCanal"
                      },
                      "parameters": [
                        "",
                        "2",
                        "=",
                        "50"
                      ],
                      "subInstructions": []
                    }
                  ],
                  "events": []
                }
              ]
            },
            {
              "disabled": false,
              "folded": false,
              "type": "BuiltinCommonInstructions::Standard",
              "conditions": [
                {
                  "type": {
                    "inverted": true,
                    "value": "PlatformBehavior::IsMoving"
                  },
                  "parameters": [
                    "player",
                    "PlatformerObject"
                  ],
                  "subInstructions": []
                }
              ],
              "actions": [
                {
                  "type": {
                    "inverted": false,
                    "value": "ChangeAnimation"
                  },
                  "parameters": [
                    "player",
                    "=",
                    "0"
                  ],
                  "subInstructions": []
                },
                {
                  "type": {
                    "inverted": false,
                    "value": "ModVolumeSoundCanal"
                  },
                  "parameters": [
                    "",
                    "2",
                    "=",
                    "0"
                  ],
                  "subInstructions": []
                }
              ],
              "events": [
                {
                  "disabled": false,
                  "folded": false,
                  "type": "BuiltinCommonInstructions::Standard",
                  "conditions": [],
                  "actions": [
                    {
                      "type": {
                        "inverted": false,
                        "value": "StopSoundCanal"
                      },
                      "parameters": [
                        "",
                        "2"
                      ],
                      "subInstructions": []
                    }
                  ],
                  "events": []
                }
              ]
            },
            {
              "disabled": false,
              "folded": false,
              "type": "BuiltinCommonInstructions::Standard",
              "conditions": [
                {
                  "type": {
                    "inverted": false,
                    "value": "KeyPressed"
                  },
                  "parameters": [
                    "",
                    "x"
                  ],
                  "subInstructions": []
                }
              ],
              "actions": [
                {
                  "type": {
                    "inverted": false,
                    "value": "ChangeAnimation"
                  },
                  "parameters": [
                    "player",
                    "=",
                    "3"
                  ],
                  "subInstructions": []
                }
              ],
              "events": []
            },
            {
              "disabled": false,
              "folded": false,
              "type": "BuiltinCommonInstructions::Standard",
              "conditions": [
                {
                  "type": {
                    "inverted": false,
                    "value": "KeyReleased"
                  },
                  "parameters": [
                    "",
                    "x"
                  ],
                  "subInstructions": []
                }
              ],
              "actions": [
                {
                  "type": {
                    "inverted": false,
                    "value": "ChangeAnimation"
                  },
                  "parameters": [
                    "player",
                    "=",
                    "0"
                  ],
                  "subInstructions": []
                }
              ],
              "events": []
            },
            {
              "disabled": false,
              "folded": false,
              "type": "BuiltinCommonInstructions::Standard",
              "conditions": [],
              "actions": [],
              "events": []
            }
          ]
        },
        {
          "disabled": false,
          "folded": false,
          "type": "BuiltinCommonInstructions::Standard",
          "conditions": [
            {
              "type": {
                "inverted": false,
                "value": "PlatformBehavior::IsJumping"
              },
              "parameters": [
                "player",
                "PlatformerObject"
              ],
              "subInstructions": []
            }
          ],
          "actions": [
            {
              "type": {
                "inverted": false,
                "value": "ChangeAnimation"
              },
              "parameters": [
                "player",
                "=",
                "1"
              ],
              "subInstructions": []
            }
          ],
          "events": []
        },
        {
          "disabled": false,
          "folded": false,
          "type": "BuiltinCommonInstructions::Standard",
          "conditions": [
            {
              "type": {
                "inverted": false,
                "value": "DepartScene"
              },
              "parameters": [
                ""
              ],
              "subInstructions": []
            }
          ],
          "actions": [
            {
              "type": {
                "inverted": false,
                "value": "Cache"
              },
              "parameters": [
                "ground"
              ],
              "subInstructions": []
            },
            {
              "type": {
                "inverted": false,
                "value": "PlayMusic"
              },
              "parameters": [
                "",
                "soundscrate-demons.wav",
                "yes",
                "50",
                ""
              ],
              "subInstructions": []
            },
            {
              "type": {
                "inverted": false,
                "value": "PlatformBehavior::SimulateLeftKey"
              },
              "parameters": [
                "crawler",
                "PlatformerObject"
              ],
              "subInstructions": []
            },
            {
              "type": {
                "inverted": false,
                "value": "Cache"
              },
              "parameters": [
                "Right"
              ],
              "subInstructions": []
            },
            {
              "type": {
                "inverted": false,
                "value": "Cache"
              },
              "parameters": [
                "Left"
              ],
              "subInstructions": []
            }
          ],
          "events": []
        },
        {
          "disabled": false,
          "folded": false,
          "type": "BuiltinCommonInstructions::Standard",
          "conditions": [],
          "actions": [
            {
              "type": {
                "inverted": false,
                "value": "CentreCamera"
              },
              "parameters": [
                "",
                "player",
                "",
                "",
                ""
              ],
              "subInstructions": []
            }
          ],
          "events": []
        },
        {
          "disabled": false,
          "folded": false,
          "type": "BuiltinCommonInstructions::Standard",
          "conditions": [
            {
              "type": {
                "inverted": false,
                "value": "KeyPressed"
              },
              "parameters": [
                "",
                "Left"
              ],
              "subInstructions": []
            }
          ],
          "actions": [
            {
              "type": {
                "inverted": false,
                "value": "FlipX"
              },
              "parameters": [
                "player",
                "yes"
              ],
              "subInstructions": []
            }
          ],
          "events": []
        },
        {
          "disabled": false,
          "folded": false,
          "type": "BuiltinCommonInstructions::Standard",
          "conditions": [
            {
              "type": {
                "inverted": false,
                "value": "KeyPressed"
              },
              "parameters": [
                "",
                "Right"
              ],
              "subInstructions": []
            }
          ],
          "actions": [
            {
              "type": {
                "inverted": false,
                "value": "FlipX"
              },
              "parameters": [
                "player",
                "no"
              ],
              "subInstructions": []
            }
          ],
          "events": []
        },
        {
          "disabled": false,
          "folded": false,
          "type": "BuiltinCommonInstructions::Standard",
          "conditions": [
            {
              "type": {
                "inverted": false,
                "value": "DepartScene"
              },
              "parameters": [
                ""
              ],
              "subInstructions": []
            }
          ],
          "actions": [],
          "events": []
        },
        {
          "disabled": false,
          "folded": false,
          "type": "BuiltinCommonInstructions::Standard",
          "conditions": [
            {
              "type": {
                "inverted": false,
                "value": "Distance"
              },
              "parameters": [
                "player",
                "crawler",
                "50",
                ""
              ],
              "subInstructions": []
            }
          ],
          "actions": [
            {
              "type": {
                "inverted": false,
                "value": "PlaySoundCanal"
              },
              "parameters": [
                "",
                "Zombie Attack Walk-SoundBible.com-520790529.wav",
                "1",
                "",
                "256",
                ""
              ],
              "subInstructions": []
            }
          ],
          "events": []
        },
        {
          "disabled": false,
          "folded": false,
          "type": "BuiltinCommonInstructions::Standard",
          "conditions": [
            {
              "type": {
                "inverted": true,
                "value": "Distance"
              },
              "parameters": [
                "player",
                "crawler",
                "70",
                ""
              ],
              "subInstructions": []
            }
          ],
          "actions": [
            {
              "type": {
                "inverted": false,
                "value": "StopSoundCanal"
              },
              "parameters": [
                "",
                "1"
              ],
              "subInstructions": []
            }
          ],
          "events": []
        },
        {
          "disabled": false,
          "folded": false,
          "type": "BuiltinCommonInstructions::Standard",
          "conditions": [
            {
              "type": {
                "inverted": true,
                "value": "Distance"
              },
              "parameters": [
                "player",
                "crawler",
                "90",
                ""
              ],
              "subInstructions": []
            }
          ],
          "actions": [
            {
              "type": {
                "inverted": false,
                "value": "StopSoundCanal"
              },
              "parameters": [
                "",
                "1"
              ],
              "subInstructions": []
            },
            {
              "type": {
                "inverted": false,
                "value": "Arreter"
              },
              "parameters": [
                "crawler"
              ],
              "subInstructions": []
            }
          ],
          "events": []
        },
        {
          "disabled": false,
          "folded": false,
          "type": "BuiltinCommonInstructions::Standard",
          "conditions": [
            {
              "type": {
                "inverted": false,
                "value": "CollisionNP"
              },
              "parameters": [
                "crawler",
                "Left",
                "",
                "",
                ""
              ],
              "subInstructions": []
            }
          ],
          "actions": [
            {
              "type": {
                "inverted": false,
                "value": "ModVarObjet"
              },
              "parameters": [
                "crawler",
                "Walk",
                "=",
                "0"
              ],
              "subInstructions": []
            }
          ],
          "events": []
        },
        {
          "disabled": false,
          "folded": false,
          "type": "BuiltinCommonInstructions::Standard",
          "conditions": [
            {
              "type": {
                "inverted": false,
                "value": "CollisionNP"
              },
              "parameters": [
                "crawler",
                "Right",
                "",
                "",
                ""
              ],
              "subInstructions": []
            }
          ],
          "actions": [
            {
              "type": {
                "inverted": false,
                "value": "ModVarObjet"
              },
              "parameters": [
                "crawler",
                "Walk",
                "=",
                "1"
              ],
              "subInstructions": []
            }
          ],
          "events": []
        },
        {
          "disabled": false,
          "folded": false,
          "type": "BuiltinCommonInstructions::Standard",
          "conditions": [
            {
              "type": {
                "inverted": false,
                "value": "Animation"
              },
              "parameters": [
                "crawler",
                "=",
                "0"
              ],
              "subInstructions": []
            }
          ],
          "actions": [],
          "events": [
            {
              "disabled": false,
              "folded": false,
              "type": "BuiltinCommonInstructions::Standard",
              "conditions": [
                {
                  "type": {
                    "inverted": false,
                    "value": "VarObjet"
                  },
                  "parameters": [
                    "crawler",
                    "Walk",
                    "=",
                    "1"
                  ],
                  "subInstructions": []
                }
              ],
              "actions": [
                {
                  "type": {
                    "inverted": false,
                    "value": "PlatformBehavior::SimulateRightKey"
                  },
                  "parameters": [
                    "crawler",
                    "PlatformerObject"
                  ],
                  "subInstructions": []
                },
                {
                  "type": {
                    "inverted": false,
                    "value": "FlipX"
                  },
                  "parameters": [
                    "crawler",
                    "yes"
                  ],
                  "subInstructions": []
                }
              ],
              "events": []
            },
            {
              "disabled": false,
              "folded": false,
              "type": "BuiltinCommonInstructions::Standard",
              "conditions": [
                {
                  "type": {
                    "inverted": false,
                    "value": "VarObjet"
                  },
                  "parameters": [
                    "crawler",
                    "Walk",
                    "=",
                    "0"
                  ],
                  "subInstructions": []
                }
              ],
              "actions": [
                {
                  "type": {
                    "inverted": false,
                    "value": "PlatformBehavior::SimulateLeftKey"
                  },
                  "parameters": [
                    "crawler",
                    "PlatformerObject"
                  ],
                  "subInstructions": []
                },
                {
                  "type": {
                    "inverted": false,
                    "value": "FlipX"
                  },
                  "parameters": [
                    "crawler",
                    "no"
                  ],
                  "subInstructions": []
                }
              ],
              "events": []
            }
          ]
        }
      ],
      "layers": [
        {
          "ambientLightColorB": 32,
          "ambientLightColorG": 0,
          "ambientLightColorR": 0,
          "followBaseLayerCamera": false,
          "isLightingLayer": false,
          "name": "",
          "visibility": true,
          "cameras": [
            {
              "defaultSize": true,
              "defaultViewport": true,
              "height": 0,
              "viewportBottom": 1,
              "viewportLeft": 0,
              "viewportRight": 1,
              "viewportTop": 0,
              "width": 0
            }
          ],
          "effects": []
        }
      ],
      "behaviorsSharedData": [
        {
          "name": "Platform",
          "type": "PlatformBehavior::PlatformBehavior"
        },
        {
          "name": "PlatformerObject",
          "type": "PlatformBehavior::PlatformerObjectBehavior"
        }
      ]
    },
    {
      "b": 209,
      "disableInputWhenNotFocused": true,
      "mangledName": "two",
      "name": "two",
      "oglFOV": 90,
      "oglZFar": 500,
      "oglZNear": 1,
      "r": 209,
      "standardSortMethod": true,
      "stopSoundsOnStartup": true,
      "title": "",
      "v": 209,
      "uiSettings": {},
      "objectsGroups": [],
      "variables": [],
      "instances": [],
      "objects": [],
      "events": [],
      "layers": [
        {
          "ambientLightColorB": 0,
          "ambientLightColorG": 0,
          "ambientLightColorR": 0,
          "followBaseLayerCamera": false,
          "isLightingLayer": false,
          "name": "",
          "visibility": true,
          "cameras": [
            {
              "defaultSize": true,
              "defaultViewport": true,
              "height": 0,
              "viewportBottom": 1,
              "viewportLeft": 0,
              "viewportRight": 1,
              "viewportTop": 0,
              "width": 0
            }
          ],
          "effects": []
        }
      ],
      "behaviorsSharedData": []
    }
  ],
  "externalEvents": [],
  "eventsFunctionsExtensions": [],
  "externalLayouts": [],
  "externalSourceFiles": []
}